name,description,BattleIQ,Intelligence,Durability,FIT_FOR,AGILITY,TYPE
#1,A META WAIFU,64%,80%,103%,catGirl,31%,Volatile
#2,A META WAIFU,23%,37%,16%,rom-com,88%,Dandere
#3,A META WAIFU,94%,113%,89%,rom-com,80%,Idol Singer
#4,A META WAIFU,82%,94%,36%,kodomomuke,66%,Dominant
#5,A META WAIFU,49%,53%,40%,Ecchi,68%,Dandere
#6,A META WAIFU,78%,50%,92%,Action,58%,Yandere
#7,A META WAIFU,95%,94%,45%,Harem,24%,Meganekko
#8,A META WAIFU,30%,25%,60%,catGirl,40%,Catgirl
#9,A META WAIFU,74%,29%,94%,Action,65%,Catgirl
#10,A META WAIFU,37%,88%,110%,Ecchi,19%,Catgirl
#11,A META WAIFU,109%,41%,36%,Action,51%,Kuudere
#12,A META WAIFU,105%,38%,54%,rom-com,52%,Otaku
#13,A META WAIFU,56%,101%,109%,Ecchi,92%,Varient
#14,A META WAIFU,75%,75%,35%,rom-com,41%,Meganekko
#15,A META WAIFU,46%,40%,66%,rom-com,23%,Meganekko
#16,A META WAIFU,16%,73%,83%,Shoujo,94%,Catgirl
#17,A META WAIFU,92%,85%,31%,rom-com,100%,Meganekko
#18,A META WAIFU,60%,111%,95%,Harem,74%,Meganekko
#19,A META WAIFU,91%,20%,54%,catGirl,30%,Dominant
#20,A META WAIFU,97%,49%,82%,kodomomuke,43%,Catgirl
#21,A META WAIFU,34%,48%,75%,catGirl,66%,Idol Singer
#22,A META WAIFU,36%,33%,46%,Harem,41%,Dominant
#23,A META WAIFU,31%,60%,49%,rom-com,85%,Kuudere
#24,A META WAIFU,110%,55%,92%,LAB,95%,Volatile
#25,A META WAIFU,83%,99%,32%,rom-com,31%,Volatile
#26,A META WAIFU,33%,103%,22%,LAB,41%,Otaku
#27,A META WAIFU,17%,52%,114%,rom-com,70%,Tsundere
#28,A META WAIFU,62%,63%,84%,kodomomuke,115%,Dandere
#29,A META WAIFU,79%,61%,98%,Harem,104%,Maid
#30,A META WAIFU,95%,49%,50%,LAB,110%,Moekko
#31,A META WAIFU,109%,115%,64%,kodomomuke,73%,Varient
#32,A META WAIFU,27%,90%,30%,LAB,76%,Meganekko
#33,A META WAIFU,22%,90%,53%,rom-com,34%,Dandere
#34,A META WAIFU,61%,72%,56%,Ecchi,52%,Volatile
#35,A META WAIFU,88%,45%,53%,Shoujo,16%,Moekko
#36,A META WAIFU,86%,26%,55%,Harem,98%,Otaku
#37,A META WAIFU,30%,32%,45%,LAB,74%,Tsundere
#38,A META WAIFU,113%,76%,65%,kodomomuke,111%,Tsundere
#39,A META WAIFU,94%,110%,17%,kodomomuke,63%,Meganekko
#40,A META WAIFU,73%,84%,74%,kodomomuke,31%,Catgirl
#41,A META WAIFU,104%,95%,83%,Shoujo,107%,Otaku
#42,A META WAIFU,58%,111%,93%,Harem,97%,Meganekko
#43,A META WAIFU,52%,107%,38%,Shoujo,28%,Dominant
#44,A META WAIFU,64%,115%,87%,kodomomuke,100%,Volatile
#45,A META WAIFU,17%,70%,49%,Ecchi,96%,Moekko
#46,A META WAIFU,87%,57%,86%,Shoujo,104%,Volatile
#47,A META WAIFU,110%,18%,111%,Action,48%,Dandere
#48,A META WAIFU,74%,53%,70%,Ecchi,19%,Dominant
#49,A META WAIFU,86%,27%,88%,Shoujo,42%,Moekko
#50,A META WAIFU,104%,79%,89%,kodomomuke,67%,Dominant
#51,A META WAIFU,113%,25%,20%,Action,37%,Otaku
#52,A META WAIFU,84%,28%,62%,LAB,83%,Maid
#53,A META WAIFU,78%,110%,112%,LAB,19%,Dominant
#54,A META WAIFU,83%,72%,26%,Action,27%,Maid
#55,A META WAIFU,87%,96%,51%,kodomomuke,18%,Yandere
#56,A META WAIFU,91%,59%,107%,Ecchi,22%,Kuudere
#57,A META WAIFU,89%,110%,72%,rom-com,64%,Meganekko
#58,A META WAIFU,77%,29%,18%,LAB,70%,Dandere
#59,A META WAIFU,95%,66%,80%,Shoujo,113%,Otaku
#60,A META WAIFU,92%,87%,62%,LAB,93%,Otaku
#61,A META WAIFU,88%,105%,110%,Action,74%,Dominant
#62,A META WAIFU,17%,82%,27%,catGirl,35%,Meganekko
#63,A META WAIFU,64%,99%,110%,LAB,56%,Idol Singer
#64,A META WAIFU,28%,73%,93%,rom-com,36%,Kuudere
#65,A META WAIFU,95%,98%,37%,Shoujo,40%,Yandere
#66,A META WAIFU,96%,23%,45%,rom-com,103%,Tsundere
#67,A META WAIFU,38%,18%,112%,Ecchi,114%,Maid
#68,A META WAIFU,44%,60%,113%,kodomomuke,97%,Otaku
#69,A META WAIFU,26%,39%,66%,rom-com,54%,Otaku
#70,A META WAIFU,104%,30%,50%,rom-com,53%,Varient
#71,A META WAIFU,65%,89%,96%,rom-com,33%,Kuudere
#72,A META WAIFU,24%,73%,25%,Ecchi,28%,Otaku
#73,A META WAIFU,18%,47%,61%,Action,93%,Yandere
#74,A META WAIFU,22%,27%,99%,kodomomuke,43%,Dandere
#75,A META WAIFU,25%,51%,33%,LAB,108%,Kuudere
#76,A META WAIFU,23%,36%,73%,Ecchi,31%,Volatile
#77,A META WAIFU,95%,104%,89%,Ecchi,78%,Idol Singer
#78,A META WAIFU,113%,102%,51%,Shoujo,84%,Kuudere
#79,A META WAIFU,94%,30%,74%,LAB,49%,Meganekko
#80,A META WAIFU,73%,32%,49%,LAB,37%,Catgirl
#81,A META WAIFU,108%,38%,48%,Action,49%,Meganekko
#82,A META WAIFU,72%,36%,56%,Action,75%,Dominant
#83,A META WAIFU,78%,81%,50%,LAB,57%,Maid
#84,A META WAIFU,93%,50%,80%,kodomomuke,101%,Moekko
#85,A META WAIFU,113%,96%,51%,kodomomuke,71%,Tsundere
#86,A META WAIFU,59%,105%,87%,Ecchi,40%,Volatile
#87,A META WAIFU,66%,79%,43%,catGirl,65%,Dandere
#88,A META WAIFU,101%,40%,63%,Ecchi,115%,Dominant
#89,A META WAIFU,63%,100%,32%,LAB,108%,Varient
#90,A META WAIFU,114%,93%,114%,rom-com,36%,Dandere
#91,A META WAIFU,77%,97%,76%,Harem,45%,Volatile
#92,A META WAIFU,66%,34%,42%,Ecchi,53%,Yandere
#93,A META WAIFU,23%,77%,74%,Harem,54%,Kuudere
#94,A META WAIFU,23%,57%,21%,Ecchi,54%,Volatile
#95,A META WAIFU,37%,72%,114%,Action,43%,Volatile
#96,A META WAIFU,110%,53%,79%,rom-com,112%,Volatile
#97,A META WAIFU,73%,28%,84%,kodomomuke,113%,Meganekko
#98,A META WAIFU,61%,97%,72%,kodomomuke,58%,Dominant
#99,A META WAIFU,21%,87%,66%,Ecchi,94%,Moekko
#100,A META WAIFU,48%,65%,50%,Action,83%,Meganekko
#101,A META WAIFU,87%,91%,74%,rom-com,71%,Tsundere
#102,A META WAIFU,87%,41%,110%,Ecchi,83%,Idol Singer
#103,A META WAIFU,30%,24%,20%,rom-com,51%,Volatile
#104,A META WAIFU,20%,86%,70%,Harem,91%,Moekko
#105,A META WAIFU,34%,67%,33%,Shoujo,56%,Moekko
#106,A META WAIFU,95%,86%,107%,Harem,40%,Otaku
#107,A META WAIFU,48%,42%,32%,Ecchi,83%,Idol Singer
#108,A META WAIFU,109%,52%,53%,LAB,42%,Yandere
#109,A META WAIFU,66%,16%,110%,kodomomuke,45%,Idol Singer
#110,A META WAIFU,107%,47%,109%,Harem,80%,Dandere
#111,A META WAIFU,82%,56%,92%,kodomomuke,83%,Dandere
#112,A META WAIFU,37%,104%,89%,catGirl,59%,Meganekko
#113,A META WAIFU,46%,102%,94%,rom-com,68%,Kuudere
#114,A META WAIFU,43%,96%,27%,Action,113%,Moekko
#115,A META WAIFU,77%,63%,89%,rom-com,91%,Otaku
#116,A META WAIFU,100%,21%,42%,Action,17%,Otaku
#117,A META WAIFU,76%,31%,53%,LAB,96%,Kuudere
#118,A META WAIFU,84%,67%,78%,catGirl,58%,Dandere
#119,A META WAIFU,34%,69%,36%,Action,113%,Idol Singer
#120,A META WAIFU,101%,107%,114%,Action,95%,Yandere
#121,A META WAIFU,71%,74%,48%,catGirl,54%,Dominant
#122,A META WAIFU,48%,93%,80%,Shoujo,106%,Dominant
#123,A META WAIFU,105%,26%,111%,Shoujo,74%,Dandere
#124,A META WAIFU,110%,37%,30%,Action,15%,Otaku
#125,A META WAIFU,110%,40%,36%,Harem,114%,Moekko
#126,A META WAIFU,44%,111%,64%,Harem,45%,Dominant
#127,A META WAIFU,68%,103%,75%,Action,20%,Tsundere
#128,A META WAIFU,112%,62%,22%,Ecchi,36%,Catgirl
#129,A META WAIFU,108%,76%,25%,LAB,52%,Dandere
#130,A META WAIFU,98%,66%,113%,catGirl,30%,Catgirl
#131,A META WAIFU,18%,101%,77%,rom-com,18%,Maid
#132,A META WAIFU,51%,72%,79%,kodomomuke,73%,Maid
#133,A META WAIFU,82%,71%,34%,LAB,113%,Catgirl
#134,A META WAIFU,17%,59%,36%,Shoujo,66%,Idol Singer
#135,A META WAIFU,45%,23%,85%,Action,66%,Catgirl
#136,A META WAIFU,34%,44%,64%,kodomomuke,82%,Dandere
#137,A META WAIFU,42%,70%,21%,Ecchi,63%,Volatile
#138,A META WAIFU,83%,78%,41%,Ecchi,109%,Idol Singer
#139,A META WAIFU,53%,37%,87%,Shoujo,45%,Maid
#140,A META WAIFU,79%,67%,73%,Shoujo,108%,Yandere
#141,A META WAIFU,85%,31%,68%,Shoujo,16%,Dandere
#142,A META WAIFU,20%,82%,39%,Shoujo,36%,Idol Singer
#143,A META WAIFU,92%,99%,19%,Shoujo,22%,Dandere
#144,A META WAIFU,63%,65%,63%,LAB,91%,Yandere
#145,A META WAIFU,57%,93%,54%,kodomomuke,21%,Meganekko
#146,A META WAIFU,77%,102%,64%,Ecchi,115%,Idol Singer
#147,A META WAIFU,92%,39%,16%,Harem,46%,Volatile
#148,A META WAIFU,63%,35%,68%,Shoujo,78%,Varient
#149,A META WAIFU,98%,84%,19%,Shoujo,50%,Tsundere
#150,A META WAIFU,94%,36%,86%,LAB,41%,Volatile
#151,A META WAIFU,56%,62%,44%,Shoujo,58%,Meganekko
#152,A META WAIFU,30%,65%,18%,kodomomuke,91%,Catgirl
#153,A META WAIFU,29%,75%,86%,Ecchi,75%,Kuudere
#154,A META WAIFU,89%,43%,33%,Action,79%,Volatile
#155,A META WAIFU,101%,28%,17%,catGirl,70%,Varient
#156,A META WAIFU,22%,79%,18%,Action,16%,Maid
#157,A META WAIFU,73%,74%,101%,Ecchi,83%,Moekko
#158,A META WAIFU,95%,16%,77%,Action,71%,Dandere
#159,A META WAIFU,113%,79%,40%,Ecchi,66%,Otaku
#160,A META WAIFU,71%,20%,110%,LAB,49%,Moekko
#161,A META WAIFU,32%,92%,67%,rom-com,54%,Varient
#162,A META WAIFU,63%,95%,18%,Ecchi,61%,Yandere
#163,A META WAIFU,24%,96%,108%,Action,93%,Tsundere
#164,A META WAIFU,107%,87%,95%,Ecchi,54%,Kuudere
#165,A META WAIFU,68%,91%,43%,kodomomuke,44%,Yandere
#166,A META WAIFU,22%,87%,18%,Ecchi,31%,Catgirl
#167,A META WAIFU,29%,70%,22%,Ecchi,59%,Varient
#168,A META WAIFU,99%,36%,101%,Harem,72%,Dandere
#169,A META WAIFU,52%,18%,25%,Action,88%,Volatile
#170,A META WAIFU,63%,92%,66%,Shoujo,45%,Moekko
#171,A META WAIFU,100%,106%,52%,catGirl,61%,Dominant
#172,A META WAIFU,62%,100%,115%,Ecchi,37%,Dandere
#173,A META WAIFU,95%,98%,27%,Action,63%,Catgirl
#174,A META WAIFU,35%,84%,49%,rom-com,38%,Varient
#175,A META WAIFU,98%,56%,72%,Action,22%,Dominant
#176,A META WAIFU,92%,112%,52%,catGirl,62%,Moekko
#177,A META WAIFU,89%,20%,57%,LAB,49%,Varient
#178,A META WAIFU,37%,77%,103%,Ecchi,100%,Varient
#179,A META WAIFU,54%,103%,49%,LAB,29%,Moekko
#180,A META WAIFU,104%,93%,44%,kodomomuke,40%,Dominant
#181,A META WAIFU,58%,56%,65%,Shoujo,22%,Kuudere
#182,A META WAIFU,17%,76%,54%,Shoujo,112%,Moekko
#183,A META WAIFU,57%,29%,64%,Ecchi,108%,Moekko
#184,A META WAIFU,103%,36%,21%,kodomomuke,95%,Meganekko
#185,A META WAIFU,93%,38%,18%,Shoujo,66%,Idol Singer
#186,A META WAIFU,115%,105%,39%,catGirl,79%,Catgirl
#187,A META WAIFU,71%,64%,63%,catGirl,93%,Maid
#188,A META WAIFU,35%,99%,33%,Harem,66%,Yandere
#189,A META WAIFU,46%,97%,46%,Ecchi,47%,Dandere
#190,A META WAIFU,35%,28%,96%,catGirl,79%,Dandere
#191,A META WAIFU,111%,76%,34%,kodomomuke,41%,Tsundere
#192,A META WAIFU,24%,79%,95%,Ecchi,77%,Varient
#193,A META WAIFU,55%,107%,69%,Shoujo,107%,Dominant
#194,A META WAIFU,103%,115%,75%,Ecchi,114%,Dandere
#195,A META WAIFU,93%,65%,33%,Shoujo,99%,Varient
#196,A META WAIFU,70%,57%,95%,catGirl,16%,Varient
#197,A META WAIFU,107%,63%,35%,kodomomuke,100%,Varient
#198,A META WAIFU,35%,51%,32%,Ecchi,109%,Maid
#199,A META WAIFU,43%,51%,73%,rom-com,24%,Moekko
#200,A META WAIFU,73%,22%,22%,Shoujo,61%,Dominant
#201,A META WAIFU,27%,61%,61%,LAB,80%,Dominant
#202,A META WAIFU,39%,22%,105%,Shoujo,39%,Meganekko
#203,A META WAIFU,77%,17%,89%,catGirl,110%,Catgirl
#204,A META WAIFU,57%,95%,100%,Harem,38%,Idol Singer
#205,A META WAIFU,27%,64%,19%,LAB,21%,Tsundere
#206,A META WAIFU,112%,20%,109%,kodomomuke,72%,Varient
#207,A META WAIFU,88%,87%,29%,rom-com,105%,Moekko
#208,A META WAIFU,74%,19%,46%,Action,20%,Meganekko
#209,A META WAIFU,114%,57%,90%,kodomomuke,112%,Maid
#210,A META WAIFU,80%,48%,21%,LAB,95%,Otaku
#211,A META WAIFU,28%,55%,113%,catGirl,59%,Otaku
#212,A META WAIFU,82%,26%,79%,catGirl,111%,Idol Singer
#213,A META WAIFU,57%,35%,60%,LAB,83%,Dominant
#214,A META WAIFU,93%,100%,18%,catGirl,36%,Kuudere
#215,A META WAIFU,32%,79%,103%,Harem,22%,Otaku
#216,A META WAIFU,66%,93%,62%,Harem,44%,Kuudere
#217,A META WAIFU,60%,87%,64%,Ecchi,106%,Yandere
#218,A META WAIFU,113%,20%,45%,Shoujo,61%,Dominant
#219,A META WAIFU,107%,66%,88%,rom-com,92%,Dandere
#220,A META WAIFU,29%,31%,17%,LAB,36%,Catgirl
#221,A META WAIFU,104%,65%,57%,catGirl,92%,Maid
#222,A META WAIFU,51%,68%,46%,Harem,51%,Kuudere
#223,A META WAIFU,42%,109%,101%,kodomomuke,17%,Catgirl
#224,A META WAIFU,48%,18%,112%,LAB,113%,Meganekko
#225,A META WAIFU,27%,111%,24%,Action,36%,Dandere
#226,A META WAIFU,67%,61%,24%,Ecchi,99%,Yandere
#227,A META WAIFU,45%,101%,40%,LAB,41%,Kuudere
#228,A META WAIFU,29%,65%,26%,catGirl,114%,Varient
#229,A META WAIFU,36%,25%,15%,catGirl,54%,Maid
#230,A META WAIFU,22%,61%,71%,rom-com,87%,Tsundere
#231,A META WAIFU,43%,81%,76%,kodomomuke,41%,Idol Singer
#232,A META WAIFU,31%,114%,99%,Action,46%,Dandere
#233,A META WAIFU,102%,113%,107%,Ecchi,36%,Catgirl
#234,A META WAIFU,95%,62%,21%,LAB,31%,Catgirl
#235,A META WAIFU,108%,25%,61%,rom-com,58%,Tsundere
#236,A META WAIFU,54%,74%,51%,Shoujo,109%,Dandere
#237,A META WAIFU,69%,75%,75%,Harem,49%,Dominant
#238,A META WAIFU,92%,93%,46%,Action,67%,Otaku
#239,A META WAIFU,107%,77%,22%,kodomomuke,42%,Moekko
#240,A META WAIFU,87%,43%,36%,kodomomuke,40%,Meganekko
#241,A META WAIFU,70%,88%,114%,rom-com,83%,Volatile
#242,A META WAIFU,103%,104%,74%,catGirl,111%,Volatile
#243,A META WAIFU,69%,24%,81%,Ecchi,83%,Otaku
#244,A META WAIFU,66%,27%,71%,kodomomuke,102%,Meganekko
#245,A META WAIFU,90%,40%,83%,Ecchi,106%,Moekko
#246,A META WAIFU,88%,35%,107%,Action,46%,Kuudere
#247,A META WAIFU,18%,55%,93%,Harem,36%,Varient
#248,A META WAIFU,53%,22%,69%,Harem,25%,Catgirl
#249,A META WAIFU,27%,45%,86%,Harem,100%,Catgirl
#250,A META WAIFU,25%,110%,60%,catGirl,88%,Volatile
#251,A META WAIFU,31%,67%,65%,Ecchi,94%,Varient
#252,A META WAIFU,26%,82%,96%,Ecchi,32%,Meganekko
#253,A META WAIFU,78%,68%,48%,Action,102%,Dandere
#254,A META WAIFU,47%,16%,28%,Harem,59%,Meganekko
#255,A META WAIFU,114%,40%,93%,LAB,31%,Volatile
#256,A META WAIFU,49%,104%,74%,rom-com,79%,Maid
#257,A META WAIFU,105%,60%,30%,Action,115%,Otaku
#258,A META WAIFU,57%,65%,115%,catGirl,50%,Meganekko
#259,A META WAIFU,51%,59%,84%,LAB,52%,Catgirl
#260,A META WAIFU,32%,58%,69%,LAB,53%,Varient
#261,A META WAIFU,54%,38%,27%,Harem,78%,Volatile
#262,A META WAIFU,73%,92%,28%,rom-com,84%,Otaku
#263,A META WAIFU,17%,80%,27%,Harem,75%,Idol Singer
#264,A META WAIFU,74%,37%,103%,Ecchi,78%,Kuudere
#265,A META WAIFU,112%,33%,61%,Ecchi,48%,Moekko
#266,A META WAIFU,23%,44%,56%,Action,108%,Kuudere
#267,A META WAIFU,105%,70%,101%,LAB,34%,Catgirl
#268,A META WAIFU,110%,99%,25%,rom-com,26%,Dandere
#269,A META WAIFU,27%,29%,80%,LAB,111%,Kuudere
#270,A META WAIFU,107%,18%,28%,LAB,30%,Yandere
#271,A META WAIFU,25%,106%,70%,kodomomuke,29%,Otaku
#272,A META WAIFU,39%,95%,45%,Action,88%,Catgirl
#273,A META WAIFU,106%,101%,35%,Action,49%,Dominant
#274,A META WAIFU,113%,75%,53%,Ecchi,41%,Maid
#275,A META WAIFU,88%,77%,33%,Action,21%,Catgirl
#276,A META WAIFU,80%,74%,36%,LAB,31%,Yandere
#277,A META WAIFU,63%,85%,57%,rom-com,17%,Varient
#278,A META WAIFU,16%,81%,42%,catGirl,80%,Yandere
#279,A META WAIFU,73%,97%,21%,Shoujo,51%,Otaku
#280,A META WAIFU,48%,21%,101%,Shoujo,88%,Volatile
#281,A META WAIFU,105%,56%,32%,Harem,68%,Idol Singer
#282,A META WAIFU,94%,94%,80%,LAB,85%,Kuudere
#283,A META WAIFU,105%,27%,100%,kodomomuke,44%,Kuudere
#284,A META WAIFU,97%,29%,17%,Harem,37%,Otaku
#285,A META WAIFU,38%,17%,97%,kodomomuke,39%,Kuudere
#286,A META WAIFU,87%,91%,21%,Shoujo,46%,Dandere
#287,A META WAIFU,64%,57%,101%,LAB,92%,Moekko
#288,A META WAIFU,78%,36%,78%,LAB,108%,Yandere
#289,A META WAIFU,60%,26%,56%,catGirl,92%,Tsundere
#290,A META WAIFU,110%,106%,70%,Ecchi,51%,Catgirl
#291,A META WAIFU,66%,70%,39%,Harem,19%,Maid
#292,A META WAIFU,42%,61%,65%,catGirl,17%,Meganekko
#293,A META WAIFU,46%,101%,22%,LAB,76%,Maid
#294,A META WAIFU,106%,66%,18%,Action,76%,Yandere
#295,A META WAIFU,35%,35%,85%,Shoujo,92%,Dominant
#296,A META WAIFU,30%,95%,83%,Harem,90%,Catgirl
#297,A META WAIFU,96%,21%,15%,LAB,92%,Moekko
#298,A META WAIFU,86%,38%,80%,rom-com,89%,Tsundere
#299,A META WAIFU,97%,46%,51%,Ecchi,77%,Tsundere
#300,A META WAIFU,102%,24%,40%,LAB,18%,Meganekko
#301,A META WAIFU,67%,60%,58%,Shoujo,99%,Meganekko
#302,A META WAIFU,58%,49%,23%,kodomomuke,102%,Dominant
#303,A META WAIFU,68%,67%,46%,LAB,88%,Otaku
#304,A META WAIFU,88%,20%,109%,Ecchi,80%,Idol Singer
#305,A META WAIFU,114%,22%,102%,Harem,95%,Yandere
#306,A META WAIFU,111%,74%,100%,Ecchi,79%,Idol Singer
#307,A META WAIFU,56%,61%,99%,Ecchi,57%,Meganekko
#308,A META WAIFU,72%,107%,81%,kodomomuke,34%,Catgirl
#309,A META WAIFU,68%,50%,85%,catGirl,80%,Moekko
#310,A META WAIFU,71%,64%,21%,rom-com,83%,Maid
#311,A META WAIFU,108%,22%,91%,kodomomuke,21%,Kuudere
#312,A META WAIFU,76%,78%,46%,Action,25%,Meganekko
#313,A META WAIFU,103%,87%,52%,Ecchi,35%,Otaku
#314,A META WAIFU,79%,83%,31%,Action,107%,Otaku
#315,A META WAIFU,32%,35%,87%,kodomomuke,109%,Volatile
#316,A META WAIFU,15%,27%,37%,catGirl,97%,Kuudere
#317,A META WAIFU,107%,52%,34%,Shoujo,73%,Otaku
#318,A META WAIFU,82%,83%,57%,catGirl,17%,Dominant
#319,A META WAIFU,44%,56%,95%,kodomomuke,17%,Kuudere
#320,A META WAIFU,102%,20%,104%,kodomomuke,18%,Meganekko
#321,A META WAIFU,64%,47%,113%,catGirl,43%,Dandere
#322,A META WAIFU,113%,49%,40%,catGirl,19%,Meganekko
#323,A META WAIFU,65%,61%,78%,Action,43%,Maid
#324,A META WAIFU,18%,78%,43%,Ecchi,38%,Meganekko
#325,A META WAIFU,89%,34%,43%,rom-com,60%,Meganekko
#326,A META WAIFU,88%,19%,80%,catGirl,99%,Volatile
#327,A META WAIFU,17%,26%,36%,kodomomuke,114%,Dominant
#328,A META WAIFU,97%,27%,66%,Shoujo,99%,Moekko
#329,A META WAIFU,39%,93%,17%,Ecchi,111%,Catgirl
#330,A META WAIFU,30%,75%,33%,catGirl,64%,Volatile
#331,A META WAIFU,115%,84%,41%,Ecchi,74%,Dandere
#332,A META WAIFU,57%,20%,64%,LAB,94%,Tsundere
#333,A META WAIFU,84%,38%,55%,LAB,110%,Dominant
#334,A META WAIFU,108%,103%,67%,Action,65%,Yandere
#335,A META WAIFU,90%,71%,104%,Action,112%,Kuudere
#336,A META WAIFU,97%,52%,53%,Ecchi,85%,Dominant
#337,A META WAIFU,99%,22%,76%,rom-com,21%,Maid
#338,A META WAIFU,87%,39%,72%,rom-com,84%,Meganekko
#339,A META WAIFU,43%,89%,98%,Shoujo,103%,Meganekko
#340,A META WAIFU,42%,47%,30%,Harem,107%,Varient
#341,A META WAIFU,17%,41%,75%,Action,98%,Tsundere
#342,A META WAIFU,107%,49%,44%,Shoujo,28%,Catgirl
#343,A META WAIFU,64%,109%,63%,rom-com,100%,Moekko
#344,A META WAIFU,40%,111%,59%,kodomomuke,30%,Otaku
#345,A META WAIFU,24%,25%,112%,rom-com,100%,Volatile
#346,A META WAIFU,38%,115%,25%,LAB,75%,Otaku
#347,A META WAIFU,102%,19%,23%,LAB,110%,Catgirl
#348,A META WAIFU,17%,110%,106%,Shoujo,21%,Otaku
#349,A META WAIFU,35%,114%,98%,kodomomuke,57%,Maid
#350,A META WAIFU,21%,20%,43%,Shoujo,34%,Moekko
#351,A META WAIFU,81%,27%,96%,kodomomuke,100%,Catgirl
#352,A META WAIFU,17%,79%,41%,rom-com,113%,Kuudere
#353,A META WAIFU,109%,34%,87%,Shoujo,54%,Catgirl
#354,A META WAIFU,114%,58%,50%,Ecchi,103%,Idol Singer
#355,A META WAIFU,42%,41%,43%,kodomomuke,111%,Tsundere
#356,A META WAIFU,61%,35%,24%,LAB,102%,Volatile
#357,A META WAIFU,65%,99%,16%,LAB,58%,Moekko
#358,A META WAIFU,36%,83%,70%,LAB,22%,Catgirl
#359,A META WAIFU,74%,19%,97%,Action,78%,Tsundere
#360,A META WAIFU,107%,83%,74%,kodomomuke,45%,Dandere
#361,A META WAIFU,54%,91%,69%,Shoujo,38%,Moekko
#362,A META WAIFU,90%,89%,62%,Action,105%,Varient
#363,A META WAIFU,31%,42%,53%,catGirl,108%,Yandere
#364,A META WAIFU,22%,19%,108%,LAB,97%,Varient
#365,A META WAIFU,114%,79%,98%,catGirl,38%,Kuudere
#366,A META WAIFU,19%,86%,68%,catGirl,47%,Kuudere
#367,A META WAIFU,36%,82%,15%,Shoujo,110%,Otaku
#368,A META WAIFU,111%,47%,37%,Shoujo,59%,Idol Singer
#369,A META WAIFU,21%,74%,28%,LAB,66%,Varient
#370,A META WAIFU,93%,112%,110%,Action,57%,Volatile
#371,A META WAIFU,25%,103%,99%,Action,107%,Otaku
#372,A META WAIFU,98%,44%,43%,Shoujo,40%,Tsundere
#373,A META WAIFU,25%,65%,45%,catGirl,111%,Idol Singer
#374,A META WAIFU,87%,102%,22%,Shoujo,82%,Maid
#375,A META WAIFU,56%,45%,102%,catGirl,72%,Dominant
#376,A META WAIFU,65%,32%,96%,Ecchi,16%,Otaku
#377,A META WAIFU,70%,78%,108%,kodomomuke,93%,Maid
#378,A META WAIFU,47%,35%,69%,kodomomuke,59%,Idol Singer
#379,A META WAIFU,57%,88%,115%,Ecchi,50%,Dandere
#380,A META WAIFU,96%,22%,18%,Action,25%,Meganekko
#381,A META WAIFU,26%,47%,31%,Harem,18%,Dandere
#382,A META WAIFU,60%,106%,31%,LAB,32%,Kuudere
#383,A META WAIFU,46%,45%,89%,catGirl,93%,Volatile
#384,A META WAIFU,101%,50%,102%,Shoujo,86%,Dandere
#385,A META WAIFU,52%,102%,39%,Action,18%,Maid
#386,A META WAIFU,25%,48%,96%,rom-com,24%,Dandere
#387,A META WAIFU,85%,107%,42%,LAB,52%,Moekko
#388,A META WAIFU,115%,53%,92%,Ecchi,28%,Maid
#389,A META WAIFU,54%,24%,44%,Ecchi,49%,Moekko
#390,A META WAIFU,77%,29%,21%,rom-com,23%,Volatile
#391,A META WAIFU,91%,45%,78%,Shoujo,62%,Meganekko
#392,A META WAIFU,85%,92%,32%,Ecchi,15%,Maid
#393,A META WAIFU,16%,56%,36%,kodomomuke,54%,Maid
#394,A META WAIFU,16%,105%,83%,Action,63%,Otaku
#395,A META WAIFU,28%,31%,19%,kodomomuke,97%,Meganekko
#396,A META WAIFU,17%,115%,70%,Ecchi,20%,Maid
#397,A META WAIFU,60%,58%,26%,Harem,99%,Tsundere
#398,A META WAIFU,65%,102%,95%,Harem,17%,Meganekko
#399,A META WAIFU,29%,52%,26%,Ecchi,52%,Tsundere
#400,A META WAIFU,99%,19%,92%,rom-com,104%,Varient
#401,A META WAIFU,79%,95%,71%,rom-com,60%,Yandere
#402,A META WAIFU,109%,68%,17%,Harem,91%,Meganekko
#403,A META WAIFU,109%,63%,24%,Action,58%,Catgirl
#404,A META WAIFU,44%,67%,91%,rom-com,92%,Idol Singer
#405,A META WAIFU,94%,75%,22%,kodomomuke,80%,Kuudere
#406,A META WAIFU,55%,49%,43%,Shoujo,21%,Yandere
#407,A META WAIFU,18%,88%,29%,rom-com,25%,Meganekko
#408,A META WAIFU,87%,44%,50%,LAB,17%,Meganekko
#409,A META WAIFU,64%,24%,42%,Ecchi,59%,Maid
#410,A META WAIFU,32%,36%,79%,kodomomuke,80%,Kuudere
#411,A META WAIFU,115%,40%,43%,Ecchi,92%,Tsundere
#412,A META WAIFU,115%,55%,72%,kodomomuke,50%,Meganekko
#413,A META WAIFU,80%,50%,84%,catGirl,26%,Volatile
#414,A META WAIFU,57%,101%,89%,catGirl,20%,Catgirl
#415,A META WAIFU,103%,104%,81%,Ecchi,71%,Varient
#416,A META WAIFU,91%,82%,93%,kodomomuke,19%,Dominant
#417,A META WAIFU,17%,77%,76%,LAB,73%,Dominant
#418,A META WAIFU,89%,110%,92%,rom-com,36%,Idol Singer
#419,A META WAIFU,50%,63%,69%,Ecchi,64%,Meganekko
#420,A META WAIFU,90%,108%,95%,rom-com,61%,Maid
#421,A META WAIFU,28%,51%,28%,Ecchi,54%,Volatile
#422,A META WAIFU,64%,92%,19%,LAB,17%,Volatile
#423,A META WAIFU,16%,95%,68%,catGirl,111%,Dandere
#424,A META WAIFU,113%,45%,39%,rom-com,74%,Volatile
#425,A META WAIFU,35%,20%,115%,catGirl,39%,Volatile
#426,A META WAIFU,84%,98%,83%,Action,113%,Kuudere
#427,A META WAIFU,36%,92%,51%,Action,69%,Dominant
#428,A META WAIFU,115%,84%,96%,Action,60%,Dominant
#429,A META WAIFU,68%,75%,96%,kodomomuke,24%,Kuudere
#430,A META WAIFU,25%,22%,86%,Action,46%,Moekko
#431,A META WAIFU,79%,65%,50%,LAB,37%,Yandere
#432,A META WAIFU,104%,56%,89%,Shoujo,19%,Tsundere
#433,A META WAIFU,98%,41%,73%,Harem,23%,Moekko
#434,A META WAIFU,39%,71%,105%,Shoujo,86%,Maid
#435,A META WAIFU,68%,54%,88%,LAB,33%,Kuudere
#436,A META WAIFU,60%,100%,72%,Shoujo,111%,Moekko
#437,A META WAIFU,46%,100%,109%,Ecchi,56%,Tsundere
#438,A META WAIFU,77%,95%,42%,kodomomuke,77%,Yandere
#439,A META WAIFU,35%,28%,77%,Shoujo,74%,Volatile
#440,A META WAIFU,35%,38%,110%,kodomomuke,15%,Moekko
#441,A META WAIFU,90%,61%,113%,catGirl,88%,Tsundere
#442,A META WAIFU,15%,17%,89%,Harem,94%,Otaku
#443,A META WAIFU,95%,109%,74%,LAB,80%,Dandere
#444,A META WAIFU,111%,87%,38%,Harem,54%,Volatile
#445,A META WAIFU,16%,19%,81%,Harem,74%,Volatile
#446,A META WAIFU,110%,76%,106%,Harem,46%,Tsundere
#447,A META WAIFU,40%,78%,57%,Harem,96%,Yandere
#448,A META WAIFU,29%,102%,66%,Action,45%,Meganekko
#449,A META WAIFU,77%,62%,93%,Harem,28%,Tsundere
#450,A META WAIFU,42%,108%,21%,rom-com,39%,Otaku
#451,A META WAIFU,32%,40%,102%,catGirl,27%,Tsundere
#452,A META WAIFU,20%,88%,71%,Shoujo,91%,Idol Singer
#453,A META WAIFU,68%,90%,66%,kodomomuke,89%,Otaku
#454,A META WAIFU,81%,53%,112%,LAB,26%,Dandere
#455,A META WAIFU,19%,41%,114%,Harem,19%,Meganekko
#456,A META WAIFU,43%,15%,110%,kodomomuke,29%,Tsundere
#457,A META WAIFU,57%,55%,36%,Action,91%,Yandere
#458,A META WAIFU,86%,64%,113%,LAB,47%,Moekko
#459,A META WAIFU,90%,60%,71%,Shoujo,66%,Volatile
#460,A META WAIFU,90%,44%,62%,catGirl,93%,Tsundere
#461,A META WAIFU,108%,29%,115%,kodomomuke,26%,Tsundere
#462,A META WAIFU,55%,25%,105%,Action,18%,Varient
#463,A META WAIFU,20%,100%,66%,LAB,110%,Dandere
#464,A META WAIFU,38%,76%,91%,rom-com,40%,Yandere
#465,A META WAIFU,20%,41%,18%,LAB,85%,Tsundere
#466,A META WAIFU,55%,57%,73%,Action,109%,Maid
#467,A META WAIFU,69%,38%,93%,Action,26%,Kuudere
#468,A META WAIFU,102%,38%,103%,kodomomuke,92%,Catgirl
#469,A META WAIFU,63%,55%,46%,LAB,37%,Yandere
#470,A META WAIFU,55%,75%,99%,catGirl,110%,Yandere
#471,A META WAIFU,51%,78%,109%,LAB,113%,Varient
#472,A META WAIFU,114%,51%,51%,Action,91%,Otaku
#473,A META WAIFU,93%,101%,62%,Action,107%,Yandere
#474,A META WAIFU,63%,55%,57%,Harem,39%,Moekko
#475,A META WAIFU,114%,19%,81%,Action,109%,Idol Singer
#476,A META WAIFU,70%,44%,42%,Harem,98%,Tsundere
#477,A META WAIFU,40%,96%,101%,catGirl,45%,Dominant
#478,A META WAIFU,87%,57%,110%,Harem,106%,Otaku
#479,A META WAIFU,22%,55%,107%,Harem,115%,Maid
#480,A META WAIFU,81%,68%,56%,kodomomuke,19%,Moekko
#481,A META WAIFU,74%,19%,21%,Harem,24%,Catgirl
#482,A META WAIFU,53%,16%,69%,Ecchi,54%,Catgirl
#483,A META WAIFU,43%,47%,95%,kodomomuke,41%,Volatile
#484,A META WAIFU,40%,29%,24%,Action,53%,Otaku
#485,A META WAIFU,43%,20%,115%,Action,36%,Maid
#486,A META WAIFU,86%,23%,66%,Action,103%,Moekko
#487,A META WAIFU,20%,63%,15%,Ecchi,58%,Moekko
#488,A META WAIFU,63%,31%,17%,catGirl,85%,Idol Singer
#489,A META WAIFU,18%,32%,97%,Harem,19%,Otaku
#490,A META WAIFU,93%,90%,23%,LAB,87%,Catgirl
#491,A META WAIFU,81%,45%,113%,Harem,114%,Meganekko
#492,A META WAIFU,109%,40%,15%,Shoujo,41%,Kuudere
#493,A META WAIFU,25%,77%,84%,Shoujo,25%,Moekko
#494,A META WAIFU,111%,85%,54%,Harem,56%,Dominant
#495,A META WAIFU,27%,42%,24%,catGirl,87%,Maid
#496,A META WAIFU,79%,40%,22%,Harem,110%,Meganekko
#497,A META WAIFU,40%,35%,97%,Action,75%,Varient
#498,A META WAIFU,83%,27%,109%,Harem,20%,Dandere
#499,A META WAIFU,114%,76%,101%,rom-com,19%,Kuudere
#500,A META WAIFU,86%,22%,62%,Shoujo,15%,Dandere
#501,A META WAIFU,62%,52%,44%,kodomomuke,50%,Dandere
#502,A META WAIFU,70%,67%,70%,Harem,90%,Yandere
#503,A META WAIFU,28%,87%,74%,catGirl,67%,Volatile
#504,A META WAIFU,24%,16%,83%,Ecchi,42%,Tsundere
#505,A META WAIFU,101%,84%,25%,LAB,22%,Catgirl
#506,A META WAIFU,39%,43%,68%,Action,61%,Moekko
#507,A META WAIFU,73%,95%,75%,rom-com,110%,Catgirl
#508,A META WAIFU,103%,23%,37%,kodomomuke,34%,Dominant
#509,A META WAIFU,103%,76%,101%,rom-com,86%,Maid
#510,A META WAIFU,33%,67%,111%,rom-com,65%,Meganekko
#511,A META WAIFU,52%,88%,53%,kodomomuke,15%,Volatile
#512,A META WAIFU,37%,33%,63%,Shoujo,77%,Meganekko
#513,A META WAIFU,32%,114%,100%,Shoujo,97%,Dandere
#514,A META WAIFU,17%,86%,32%,Ecchi,81%,Dandere
#515,A META WAIFU,22%,48%,68%,Action,77%,Yandere
#516,A META WAIFU,85%,97%,105%,Harem,98%,Dandere
#517,A META WAIFU,90%,103%,98%,Action,84%,Maid
#518,A META WAIFU,109%,91%,70%,LAB,18%,Meganekko
#519,A META WAIFU,73%,33%,57%,rom-com,108%,Idol Singer
#520,A META WAIFU,48%,72%,107%,catGirl,112%,Yandere
#521,A META WAIFU,26%,114%,26%,Action,98%,Maid
#522,A META WAIFU,16%,103%,19%,Action,32%,Otaku
#523,A META WAIFU,83%,59%,56%,LAB,46%,Catgirl
#524,A META WAIFU,22%,64%,19%,Ecchi,40%,Kuudere
#525,A META WAIFU,51%,110%,61%,Harem,58%,Tsundere
#526,A META WAIFU,43%,23%,56%,kodomomuke,100%,Catgirl
#527,A META WAIFU,16%,33%,44%,Ecchi,25%,Moekko
#528,A META WAIFU,29%,98%,103%,Harem,51%,Otaku
#529,A META WAIFU,53%,79%,33%,kodomomuke,34%,Yandere
#530,A META WAIFU,50%,71%,74%,Harem,34%,Moekko
#531,A META WAIFU,78%,33%,55%,catGirl,74%,Varient
#532,A META WAIFU,102%,47%,87%,catGirl,40%,Otaku
#533,A META WAIFU,52%,30%,113%,Action,93%,Idol Singer
#534,A META WAIFU,31%,102%,53%,LAB,52%,Varient
#535,A META WAIFU,115%,17%,57%,Shoujo,88%,Yandere
#536,A META WAIFU,92%,115%,97%,Shoujo,95%,Tsundere
#537,A META WAIFU,74%,23%,40%,catGirl,76%,Dandere
#538,A META WAIFU,68%,15%,81%,Harem,113%,Catgirl
#539,A META WAIFU,77%,32%,49%,catGirl,41%,Yandere
#540,A META WAIFU,46%,15%,21%,rom-com,106%,Moekko
#541,A META WAIFU,40%,107%,26%,kodomomuke,89%,Meganekko
#542,A META WAIFU,70%,64%,112%,rom-com,43%,Otaku
#543,A META WAIFU,111%,32%,58%,Shoujo,39%,Idol Singer
#544,A META WAIFU,88%,61%,86%,kodomomuke,54%,Meganekko
#545,A META WAIFU,115%,54%,77%,Shoujo,106%,Volatile
#546,A META WAIFU,45%,108%,42%,LAB,104%,Tsundere
#547,A META WAIFU,87%,98%,59%,LAB,38%,Otaku
#548,A META WAIFU,110%,86%,35%,kodomomuke,16%,Varient
#549,A META WAIFU,31%,102%,49%,catGirl,82%,Tsundere
#550,A META WAIFU,87%,100%,22%,Ecchi,104%,Kuudere
#551,A META WAIFU,90%,18%,100%,Harem,33%,Dandere
#552,A META WAIFU,36%,39%,36%,catGirl,113%,Volatile
#553,A META WAIFU,35%,83%,22%,Action,94%,Catgirl
#554,A META WAIFU,75%,47%,113%,Shoujo,100%,Idol Singer
#555,A META WAIFU,92%,17%,48%,Action,79%,Moekko
#556,A META WAIFU,42%,91%,64%,Harem,110%,Idol Singer
#557,A META WAIFU,95%,87%,27%,Harem,20%,Otaku
#558,A META WAIFU,87%,16%,111%,Action,34%,Dandere
#559,A META WAIFU,16%,74%,75%,catGirl,72%,Kuudere
#560,A META WAIFU,73%,88%,16%,Action,91%,Dominant
#561,A META WAIFU,69%,115%,15%,Harem,112%,Dandere
#562,A META WAIFU,38%,94%,86%,Harem,48%,Otaku
#563,A META WAIFU,56%,56%,106%,rom-com,19%,Idol Singer
#564,A META WAIFU,104%,73%,61%,catGirl,88%,Moekko
#565,A META WAIFU,57%,44%,71%,Action,74%,Tsundere
#566,A META WAIFU,80%,64%,64%,LAB,110%,Yandere
#567,A META WAIFU,93%,34%,20%,catGirl,88%,Tsundere
#568,A META WAIFU,80%,80%,58%,Ecchi,36%,Varient
#569,A META WAIFU,73%,99%,79%,Action,110%,Meganekko
#570,A META WAIFU,52%,112%,101%,kodomomuke,15%,Otaku
#571,A META WAIFU,16%,59%,114%,LAB,52%,Kuudere
#572,A META WAIFU,51%,100%,29%,catGirl,68%,Otaku
#573,A META WAIFU,41%,17%,108%,Ecchi,38%,Tsundere
#574,A META WAIFU,73%,111%,56%,catGirl,56%,Kuudere
#575,A META WAIFU,49%,87%,21%,Action,107%,Varient
#576,A META WAIFU,43%,85%,29%,catGirl,82%,Tsundere
#577,A META WAIFU,63%,75%,81%,catGirl,77%,Maid
#578,A META WAIFU,28%,25%,45%,Shoujo,38%,Kuudere
#579,A META WAIFU,73%,72%,81%,Ecchi,68%,Volatile
#580,A META WAIFU,34%,109%,48%,catGirl,21%,Kuudere
#581,A META WAIFU,54%,39%,42%,LAB,90%,Dominant
#582,A META WAIFU,36%,46%,92%,Ecchi,88%,Dandere
#583,A META WAIFU,114%,76%,71%,Action,113%,Kuudere
#584,A META WAIFU,60%,51%,36%,catGirl,54%,Dominant
#585,A META WAIFU,99%,104%,39%,catGirl,33%,Volatile
#586,A META WAIFU,47%,94%,78%,kodomomuke,89%,Varient
#587,A META WAIFU,27%,33%,53%,catGirl,37%,Yandere
#588,A META WAIFU,30%,105%,85%,Shoujo,52%,Volatile
#589,A META WAIFU,112%,104%,16%,LAB,30%,Otaku
#590,A META WAIFU,110%,91%,72%,Harem,95%,Otaku
#591,A META WAIFU,112%,102%,73%,LAB,65%,Kuudere
#592,A META WAIFU,82%,115%,111%,Ecchi,33%,Dominant
#593,A META WAIFU,81%,63%,59%,catGirl,111%,Kuudere
#594,A META WAIFU,62%,35%,78%,Action,72%,Maid
#595,A META WAIFU,24%,49%,104%,rom-com,32%,Kuudere
#596,A META WAIFU,103%,22%,113%,catGirl,46%,Idol Singer
#597,A META WAIFU,74%,96%,70%,Ecchi,61%,Otaku
#598,A META WAIFU,61%,46%,76%,Ecchi,44%,Dandere
#599,A META WAIFU,104%,53%,59%,LAB,81%,Dandere
#600,A META WAIFU,78%,115%,49%,kodomomuke,78%,Moekko
#601,A META WAIFU,93%,94%,113%,Harem,92%,Dandere
#602,A META WAIFU,84%,52%,109%,Harem,85%,Yandere
#603,A META WAIFU,55%,29%,48%,Shoujo,98%,Idol Singer
#604,A META WAIFU,34%,70%,45%,kodomomuke,44%,Yandere
#605,A META WAIFU,23%,50%,51%,Harem,20%,Catgirl
#606,A META WAIFU,100%,38%,74%,rom-com,27%,Idol Singer
#607,A META WAIFU,49%,33%,68%,Shoujo,89%,Maid
#608,A META WAIFU,48%,55%,63%,Action,83%,Dominant
#609,A META WAIFU,95%,64%,24%,Harem,95%,Yandere
#610,A META WAIFU,105%,113%,48%,Harem,113%,Otaku
#611,A META WAIFU,86%,60%,64%,Ecchi,82%,Moekko
#612,A META WAIFU,76%,34%,112%,Shoujo,80%,Dominant
#613,A META WAIFU,62%,17%,26%,Shoujo,64%,Kuudere
#614,A META WAIFU,26%,86%,85%,kodomomuke,15%,Moekko
#615,A META WAIFU,62%,87%,54%,Ecchi,57%,Otaku
#616,A META WAIFU,103%,21%,48%,catGirl,44%,Otaku
#617,A META WAIFU,48%,108%,87%,kodomomuke,29%,Maid
#618,A META WAIFU,26%,114%,73%,kodomomuke,26%,Varient
#619,A META WAIFU,41%,42%,85%,Ecchi,17%,Dominant
#620,A META WAIFU,17%,64%,85%,Action,59%,Yandere
#621,A META WAIFU,26%,60%,61%,kodomomuke,80%,Kuudere
#622,A META WAIFU,110%,45%,90%,Shoujo,48%,Maid
#623,A META WAIFU,26%,29%,67%,LAB,111%,Kuudere
#624,A META WAIFU,15%,34%,63%,catGirl,102%,Meganekko
#625,A META WAIFU,17%,104%,105%,rom-com,98%,Idol Singer
#626,A META WAIFU,15%,42%,31%,Action,15%,Varient
#627,A META WAIFU,17%,48%,77%,Ecchi,23%,Varient
#628,A META WAIFU,18%,75%,92%,Action,110%,Idol Singer
#629,A META WAIFU,90%,104%,55%,Harem,25%,Dominant
#630,A META WAIFU,23%,15%,42%,rom-com,69%,Tsundere
#631,A META WAIFU,77%,34%,21%,Shoujo,73%,Dandere
#632,A META WAIFU,19%,35%,77%,kodomomuke,90%,Moekko
#633,A META WAIFU,25%,91%,22%,catGirl,32%,Catgirl
#634,A META WAIFU,66%,58%,97%,kodomomuke,17%,Tsundere
#635,A META WAIFU,74%,61%,15%,rom-com,95%,Otaku
#636,A META WAIFU,100%,71%,94%,rom-com,109%,Volatile
#637,A META WAIFU,58%,86%,29%,catGirl,78%,Moekko
#638,A META WAIFU,41%,31%,107%,catGirl,54%,Varient
#639,A META WAIFU,94%,101%,42%,Ecchi,38%,Maid
#640,A META WAIFU,100%,36%,67%,LAB,109%,Dandere
#641,A META WAIFU,97%,68%,82%,kodomomuke,115%,Moekko
#642,A META WAIFU,101%,30%,61%,Shoujo,96%,Yandere
#643,A META WAIFU,32%,73%,54%,LAB,42%,Kuudere
#644,A META WAIFU,57%,42%,47%,Harem,28%,Maid
#645,A META WAIFU,99%,22%,100%,LAB,51%,Moekko
#646,A META WAIFU,96%,98%,16%,kodomomuke,66%,Dandere
#647,A META WAIFU,31%,58%,30%,rom-com,98%,Tsundere
#648,A META WAIFU,39%,84%,107%,kodomomuke,82%,Maid
#649,A META WAIFU,89%,103%,102%,Action,115%,Catgirl
#650,A META WAIFU,35%,53%,56%,Ecchi,60%,Maid
#651,A META WAIFU,72%,58%,104%,rom-com,93%,Catgirl
#652,A META WAIFU,64%,44%,65%,Ecchi,97%,Otaku
#653,A META WAIFU,70%,88%,114%,Action,54%,Kuudere
#654,A META WAIFU,17%,99%,31%,Ecchi,72%,Meganekko
#655,A META WAIFU,36%,78%,63%,catGirl,67%,Dandere
#656,A META WAIFU,63%,102%,47%,LAB,27%,Volatile
#657,A META WAIFU,73%,50%,68%,LAB,69%,Catgirl
#658,A META WAIFU,24%,38%,55%,Action,73%,Catgirl
#659,A META WAIFU,20%,57%,50%,Shoujo,93%,Otaku
#660,A META WAIFU,72%,74%,61%,kodomomuke,83%,Meganekko
#661,A META WAIFU,81%,66%,21%,LAB,45%,Tsundere
#662,A META WAIFU,17%,89%,110%,LAB,63%,Catgirl
#663,A META WAIFU,44%,109%,62%,catGirl,17%,Volatile
#664,A META WAIFU,68%,30%,43%,Harem,53%,Maid
#665,A META WAIFU,20%,15%,29%,Ecchi,84%,Dandere
#666,A META WAIFU,58%,25%,106%,Action,47%,Otaku
